{
  "features": [
    "hour_sin",
    "hour_cos",
    "dow",
    "is_weekend",
    "occupancy_intensity",
    "lights_frac",
    "setpoint_c",
    "outdoor_temp",
    "outdoor_rh",
    "outdoor_ghi",
    "area_m2",
    "category"
  ],
  "archetypes": [
    "open_office",
    "office",
    "meeting",
    "amenity",
    "circulation"
  ],
  "targets": {
    "y_cooling_kwh": {
      "mae": 0.06771565376206748,
      "r2": 0.971744234788587,
      "importance": {
        "outdoor_ghi": 4555,
        "outdoor_temp": 3594,
        "area_m2": 3524,
        "dow": 3228,
        "outdoor_rh": 2978,
        "hour_sin": 1856,
        "occupancy_intensity": 1788,
        "setpoint_c": 1366,
        "hour_cos": 1050,
        "lights_frac": 586,
        "category": 273,
        "is_weekend": 2
      },
      "n_train": 1059750,
      "n_test": 264900,
      "model_file": "surrogate_cooling.txt",
      "residual_sigma_by_cat_hour": {
        "0_0": 0.08751487526980943,
        "0_1": 0.06280764298057409,
        "0_2": 0.04695416182583149,
        "0_3": 0.03482353958056053,
        "0_4": 0.034749276421396,
        "0_5": 0.036825160986126385,
        "0_6": 0.11029488511305799,
        "0_7": 1.3069169087366688,
        "0_8": 0.2696149804913246,
        "0_9": 0.1843388941766178,
        "0_10": 0.24724486224661232,
        "0_11": 0.19158826261336295,
        "0_12": 0.21348350905248514,
        "0_13": 0.25607577502782386,
        "0_14": 0.2833844021439025,
        "0_15": 0.22595011718235108,
        "0_16": 0.2958888809761791,
        "0_17": 0.2721668877302076,
        "0_18": 0.3387606877394293,
        "0_19": 0.19642637169911892,
        "0_20": 0.15997551597248874,
        "0_21": 0.17395299098647768,
        "0_22": 0.13358608557062748,
        "0_23": 0.10734124747220543,
        "1_0": 0.05449181286582182,
        "1_1": 0.044147717892123316,
        "1_2": 0.03986363196250949,
        "1_3": 0.03692119831339976,
        "1_4": 0.03221476878522174,
        "1_5": 0.03128095125142217,
        "1_6": 0.04059722356853509,
        "1_7": 0.08847145558495195,
        "1_8": 0.04270725203377667,
        "1_9": 0.04184343493518892,
        "1_10": 0.05528557101217267,
        "1_11": 0.03961407166299172,
        "1_12": 0.044683754268273604,
        "1_13": 0.04426190604750527,
        "1_14": 0.04565709699201771,
        "1_15": 0.0417862393176974,
        "1_16": 0.058465768390098795,
        "1_17": 0.0548018923046176,
        "1_18": 0.06303443852187506,
        "1_19": 0.04811293634923361,
        "1_20": 0.043478875962957554,
        "1_21": 0.04640116413105564,
        "1_22": 0.0450976971797423,
        "1_23": 0.04390228188496635,
        "2_0": 0.0679274294312578,
        "2_1": 0.05648007910152673,
        "2_2": 0.05263818580373579,
        "2_3": 0.04741242887656327,
        "2_4": 0.04243386891276192,
        "2_5": 0.03964625745252751,
        "2_6": 0.051428342693735515,
        "2_7": 0.11231475087972205,
        "2_8": 0.05896855830844965,
        "2_9": 0.04780875039272746,
        "2_10": 0.0644221882969328,
        "2_11": 0.051902312801054,
        "2_12": 0.06097351088403325,
        "2_13": 0.05921236145741345,
        "2_14": 0.06013251063274361,
        "2_15": 0.04916312846493323,
        "2_16": 0.07089049733660087,
        "2_17": 0.07721182520897418,
        "2_18": 0.07986976809705067,
        "2_19": 0.07062740512215449,
        "2_20": 0.06147832965764176,
        "2_21": 0.05908266015337638,
        "2_22": 0.05830633257730469,
        "2_23": 0.058687544730139776,
        "3_0": 0.06264360245509126,
        "3_1": 0.051431348248315224,
        "3_2": 0.04716889814189554,
        "3_3": 0.0426198217579747,
        "3_4": 0.037318176055912804,
        "3_5": 0.03479594708223731,
        "3_6": 0.04416301294937455,
        "3_7": 0.09956045495460476,
        "3_8": 0.04817946706162646,
        "3_9": 0.04572632833512591,
        "3_10": 0.05894390619141292,
        "3_11": 0.043194584558031955,
        "3_12": 0.05430499823350938,
        "3_13": 0.050762715702686506,
        "3_14": 0.04785769279639798,
        "3_15": 0.04669342384241665,
        "3_16": 0.060659272729648675,
        "3_17": 0.06455767658791936,
        "3_18": 0.06781567200320977,
        "3_19": 0.05826510779765569,
        "3_20": 0.04885165537662297,
        "3_21": 0.05392555933840328,
        "3_22": 0.052783857260773843,
        "3_23": 0.050398003665748856,
        "4_0": 0.057538523258559175,
        "4_1": 0.045502288127656124,
        "4_2": 0.04145402119290407,
        "4_3": 0.037077949871404024,
        "4_4": 0.03350352663335777,
        "4_5": 0.03272205580985304,
        "4_6": 0.04031369500591446,
        "4_7": 0.17836498938342268,
        "4_8": 0.06569264642495036,
        "4_9": 0.05563087205138874,
        "4_10": 0.07719450968068728,
        "4_11": 0.054837524829178745,
        "4_12": 0.058501727936107764,
        "4_13": 0.06040866138086678,
        "4_14": 0.07051249936049275,
        "4_15": 0.056089030884812395,
        "4_16": 0.08006457245073904,
        "4_17": 0.0841682627847415,
        "4_18": 0.09312408121945803,
        "4_19": 0.06583655652300205,
        "4_20": 0.05712139566978501,
        "4_21": 0.055560827487901226,
        "4_22": 0.050753442681291325,
        "4_23": 0.046410542590258654
      }
    },
    "y_temp": {
      "mae": 0.1767673252831997,
      "r2": 0.9415372831255656,
      "importance": {
        "outdoor_temp": 5079,
        "dow": 4129,
        "hour_sin": 3731,
        "outdoor_rh": 2906,
        "outdoor_ghi": 2737,
        "area_m2": 2377,
        "setpoint_c": 1297,
        "hour_cos": 1271,
        "occupancy_intensity": 801,
        "lights_frac": 274,
        "category": 195,
        "is_weekend": 3
      },
      "n_train": 1059750,
      "n_test": 264900,
      "model_file": "surrogate_temp.txt",
      "residual_sigma_by_cat_hour": {
        "0_0": 0.5561799774279581,
        "0_1": 0.6291427185435313,
        "0_2": 0.4511767120082694,
        "0_3": 0.49295821944403356,
        "0_4": 0.42190634862305326,
        "0_5": 0.5444061631592773,
        "0_6": 0.743181904455899,
        "0_7": 0.3949988633482064,
        "0_8": 0.3095885873303075,
        "0_9": 0.3182582180752137,
        "0_10": 0.5084409648332824,
        "0_11": 0.21694543864274637,
        "0_12": 0.24134206350136872,
        "0_13": 0.22072833030830086,
        "0_14": 0.1733801226376985,
        "0_15": 0.32426844926568016,
        "0_16": 0.24959284685075875,
        "0_17": 0.3365669552825875,
        "0_18": 0.35725563700903923,
        "0_19": 0.625826937010993,
        "0_20": 0.4089436921647772,
        "0_21": 0.40812941314784945,
        "0_22": 0.4151014307186552,
        "0_23": 0.5020537847849506,
        "1_0": 0.3361326494860073,
        "1_1": 0.5493635149970121,
        "1_2": 0.3409307424545765,
        "1_3": 0.30408775031730145,
        "1_4": 0.331987292470045,
        "1_5": 0.521180241474657,
        "1_6": 0.6563388893341584,
        "1_7": 0.39894394651765125,
        "1_8": 0.21361273336273012,
        "1_9": 0.2479401066495463,
        "1_10": 0.25750395519941227,
        "1_11": 0.03961017266129914,
        "1_12": 0.13593510159008929,
        "1_13": 0.06142753741853789,
        "1_14": 0.07865011798629484,
        "1_15": 0.08013092369283072,
        "1_16": 0.07472474921867146,
        "1_17": 0.16064220108195895,
        "1_18": 0.2878319901746697,
        "1_19": 0.6114481357504012,
        "1_20": 0.42853491120678266,
        "1_21": 0.26883200831955645,
        "1_22": 0.25726986596712687,
        "1_23": 0.4315068939587803,
        "2_0": 0.2433256045395213,
        "2_1": 0.4552550813719933,
        "2_2": 0.2798822642727562,
        "2_3": 0.25656148908183973,
        "2_4": 0.2851514272099273,
        "2_5": 0.46128255707775095,
        "2_6": 0.5920396059694992,
        "2_7": 0.3445274605478881,
        "2_8": 0.17456928412997216,
        "2_9": 0.20723773353911404,